2017	d1gab	download.inep.gov.br/educacao_basica/enem/gabaritos/2017/cad_1_gabarito_azul_5112017.pdf
2018	d1gab	download.inep.gov.br/educacao_basica/enem/gabaritos/2018/GAB_ENEM_2018_DIA_1_AZUL.pdf
2019	d1gab	download.inep.gov.br/educacao_basica/enem/gabaritos/2019/gabarito_1_dia_caderno_1_azul_aplicacao_regular.pdf
2020	d1gab	download.inep.gov.br/enem/provas_e_gabaritos/2020_GB_impresso_D1_CD1.pdf
2020	d2gab	download.inep.gov.br/enem/provas_e_gabaritos/2020_GB_impresso_D2_CD7.pdf
2021	d1gab	download.inep.gov.br/enem/provas_e_gabaritos/2021_GB_impresso_D1_CD1.pdf
2021	d2gab	download.inep.gov.br/enem/provas_e_gabaritos/2021_GB_impresso_D2_CD7.pdf
2022	d1gab	download.inep.gov.br/enem/provas_e_gabaritos/2022_GB_impresso_D1_CD1.pdf
2022	d2gab	download.inep.gov.br/enem/provas_e_gabaritos/2022_GB_impresso_D2_CD7.pdf
2023	d1gab	download.inep.gov.br/enem/provas_e_gabaritos/2023_GB_impresso_D1_CD1.pdf
2023	d2gab	download.inep.gov.br/enem/provas_e_gabaritos/2023_GB_impresso_D2_CD7.pdf
2024	d1gab	download.inep.gov.br/enem/provas_e_gabaritos/2024_GB_impresso_D1_CD1.pdf
2024	d2gab	download.inep.gov.br/enem/provas_e_gabaritos/2024_GB_impresso_D2_CD7.pdf
2025	d1gab	download.inep.gov.br/enem/provas_e_gabaritos/2025_GB_impresso_D1_CD1.pdf
2025	d2gab	download.inep.gov.br/enem/provas_e_gabaritos/2025_GB_impresso_D2_CD7.pdf
2024	d1prova	download.inep.gov.br/enem/provas_e_gabaritos/2024_PV_impresso_D1_CD1.pdf
2025	d1prova	download.inep.gov.br/enem/provas_e_gabaritos/2025_PV_impresso_D1_CD1.pdf
