grupo,ano,questao,motivo
CH-nao-classificada,2024,52,tem figura/tabela (não extraída nesta rodada)
CH-nao-classificada,2024,53,tem figura/tabela (não extraída nesta rodada)
CH-nao-classificada,2024,76,tem figura/tabela (não extraída nesta rodada)
CH-nao-classificada,2024,77,enunciado curto demais
CH-nao-classificada,2024,78,enunciado curto demais
CH-nao-classificada,2024,79,enunciado curto demais
CH-nao-classificada,2024,86,tem figura/tabela (não extraída nesta rodada)
CN-2024-2025-nao-extraida,2024,92,tem figura/tabela (não extraída nesta rodada)
CN-2024-2025-nao-extraida,2024,94,tem figura/tabela (não extraída nesta rodada)
CN-2024-2025-nao-extraida,2024,98,tem figura/tabela (não extraída nesta rodada)
CN-2024-2025-nao-extraida,2024,104,tem figura/tabela (não extraída nesta rodada)
CN-2024-2025-nao-extraida,2024,110,tem figura/tabela (não extraída nesta rodada)
CN-2024-2025-nao-extraida,2024,112,tem figura/tabela (não extraída nesta rodada)
CN-2024-2025-nao-extraida,2024,113,tem figura/tabela (não extraída nesta rodada)
CN-2024-2025-nao-extraida,2024,114,tem figura/tabela (não extraída nesta rodada)
CN-2024-2025-nao-extraida,2024,115,tem figura/tabela (não extraída nesta rodada)
CN-2024-2025-nao-extraida,2024,118,tem figura/tabela (não extraída nesta rodada)
CN-2024-2025-nao-extraida,2024,120,texto do PDF com palavras ilegíveis
CN-2024-2025-nao-extraida,2024,123,tem figura/tabela (não extraída nesta rodada)
CN-2024-2025-nao-extraida,2024,124,tem figura/tabela (não extraída nesta rodada)
CN-2024-2025-nao-extraida,2024,129,anulada pelo Inep
CN-2024-2025-nao-extraida,2024,130,tem figura/tabela (não extraída nesta rodada)
CN-2024-2025-nao-extraida,2024,133,tem figura/tabela (não extraída nesta rodada)
CN-2024-2025-nao-extraida,2024,134,alternativas não reconhecidas no PDF
CH-nao-classificada,2025,46,enunciado curto demais
CH-nao-classificada,2025,47,enunciado curto demais
CH-nao-classificada,2025,48,tem figura/tabela (não extraída nesta rodada)
CH-nao-classificada,2025,49,tem figura/tabela (não extraída nesta rodada)
CH-nao-classificada,2025,61,tem figura/tabela (não extraída nesta rodada)
CH-nao-classificada,2025,62,enunciado curto demais
CH-nao-classificada,2025,63,tem figura/tabela (não extraída nesta rodada)
CH-nao-classificada,2025,64,tem figura/tabela (não extraída nesta rodada)
CH-nao-classificada,2025,68,tem figura/tabela (não extraída nesta rodada)
CH-nao-classificada,2025,77,tem figura/tabela (não extraída nesta rodada)
CN-2024-2025-nao-extraida,2025,104,tem figura/tabela (não extraída nesta rodada)
CN-2024-2025-nao-extraida,2025,105,tem figura/tabela (não extraída nesta rodada)
CN-2024-2025-nao-extraida,2025,106,tem figura/tabela (não extraída nesta rodada)
CN-2024-2025-nao-extraida,2025,107,tem figura/tabela (não extraída nesta rodada)
CN-2024-2025-nao-extraida,2025,109,tem figura/tabela (não extraída nesta rodada)
CN-2024-2025-nao-extraida,2025,111,tem figura/tabela (não extraída nesta rodada)
CN-2024-2025-nao-extraida,2025,115,tem figura/tabela (não extraída nesta rodada)
CN-2024-2025-nao-extraida,2025,120,tem figura/tabela (não extraída nesta rodada)
CN-2024-2025-nao-extraida,2025,123,anulada pelo Inep
CN-2024-2025-nao-extraida,2025,127,tem figura/tabela (não extraída nesta rodada)
CN-2024-2025-nao-extraida,2025,129,tem figura/tabela (não extraída nesta rodada)
CN-2024-2025-nao-extraida,2025,132,anulada pelo Inep
CN-2024-2025-nao-extraida,2025,133,tem figura/tabela (não extraída nesta rodada)
CN-2024-2025-nao-extraida,2025,134,tem figura/tabela (não extraída nesta rodada)
quimica,2009,15,texto incompleto em relação à prova oficial (cobertura 17%)
quimica,2009,43,texto incompleto em relação à prova oficial (cobertura 69%)
CH-nao-classificada,2009,47,texto incompleto em relação à prova oficial (cobertura 39%)
CH-nao-classificada,2009,82,texto incompleto em relação à prova oficial (cobertura 89%)
CH-nao-classificada,2009,86,texto incompleto em relação à prova oficial (cobertura 46%)
CH-nao-classificada,2010,1,sem gabarito oficial disponível
CH-nao-classificada,2010,10,sem gabarito oficial disponível
CH-nao-classificada,2010,11,sem gabarito oficial disponível
CH-nao-classificada,2010,12,sem gabarito oficial disponível
CH-nao-classificada,2010,13,sem gabarito oficial disponível
CH-nao-classificada,2010,14,sem gabarito oficial disponível
CH-nao-classificada,2010,15,sem gabarito oficial disponível
CH-nao-classificada,2010,16,sem gabarito oficial disponível
CH-nao-classificada,2010,17,sem gabarito oficial disponível
CH-nao-classificada,2010,18,sem gabarito oficial disponível
CH-nao-classificada,2010,19,sem gabarito oficial disponível
CH-nao-classificada,2010,2,sem gabarito oficial disponível
CH-nao-classificada,2010,20,sem gabarito oficial disponível
CH-nao-classificada,2010,21,sem gabarito oficial disponível
CH-nao-classificada,2010,22,sem gabarito oficial disponível
CH-nao-classificada,2010,23,sem gabarito oficial disponível
CH-nao-classificada,2010,24,sem gabarito oficial disponível
CH-nao-classificada,2010,25,sem gabarito oficial disponível
CH-nao-classificada,2010,26,sem gabarito oficial disponível
CH-nao-classificada,2010,27,sem gabarito oficial disponível
CH-nao-classificada,2010,28,sem gabarito oficial disponível
CH-nao-classificada,2010,29,sem gabarito oficial disponível
CH-nao-classificada,2010,3,sem gabarito oficial disponível
CH-nao-classificada,2010,30,sem gabarito oficial disponível
CH-nao-classificada,2010,31,sem gabarito oficial disponível
CH-nao-classificada,2010,32,sem gabarito oficial disponível
CH-nao-classificada,2010,33,sem gabarito oficial disponível
CH-nao-classificada,2010,34,sem gabarito oficial disponível
CH-nao-classificada,2010,35,sem gabarito oficial disponível
CH-nao-classificada,2010,36,sem gabarito oficial disponível
CH-nao-classificada,2010,37,sem gabarito oficial disponível
CH-nao-classificada,2010,38,sem gabarito oficial disponível
CH-nao-classificada,2010,39,sem gabarito oficial disponível
CH-nao-classificada,2010,4,sem gabarito oficial disponível
CH-nao-classificada,2010,40,sem gabarito oficial disponível
CH-nao-classificada,2010,41,sem gabarito oficial disponível
CH-nao-classificada,2010,42,sem gabarito oficial disponível
CH-nao-classificada,2010,43,sem gabarito oficial disponível
CH-nao-classificada,2010,44,sem gabarito oficial disponível
CH-nao-classificada,2010,45,sem gabarito oficial disponível
CH-nao-classificada,2010,5,sem gabarito oficial disponível
CH-nao-classificada,2010,6,sem gabarito oficial disponível
quimica,2010,63,texto incompleto em relação à prova oficial (cobertura 69%)
quimica,2010,69,texto incompleto em relação à prova oficial (cobertura 47%)
CH-nao-classificada,2010,7,sem gabarito oficial disponível
quimica,2010,73,texto incompleto em relação à prova oficial (cobertura 28%)
quimica,2010,77,texto incompleto em relação à prova oficial (cobertura 40%)
CH-nao-classificada,2010,8,sem gabarito oficial disponível
biologia,2010,86,texto incompleto em relação à prova oficial (cobertura 89%)
CH-nao-classificada,2010,9,sem gabarito oficial disponível
CH-nao-classificada,2011,22,texto incompleto em relação à prova oficial (cobertura 78%)
CH-nao-classificada,2011,3,texto incompleto em relação à prova oficial (cobertura 26%)
CH-nao-classificada,2011,30,texto incompleto em relação à prova oficial (cobertura 78%)
CH-nao-classificada,2011,6,texto incompleto em relação à prova oficial (cobertura 53%)
biologia,2011,61,texto incompleto em relação à prova oficial (cobertura 67%)
quimica,2011,62,texto incompleto em relação à prova oficial (cobertura 53%)
quimica,2011,71,texto incompleto em relação à prova oficial (cobertura 85%)
quimica,2011,72,texto incompleto em relação à prova oficial (cobertura 39%)
quimica,2011,81,gabarito do dataset diverge do oficial
CH-nao-classificada,2012,19,texto incompleto em relação à prova oficial (cobertura 87%)
quimica,2012,49,texto incompleto em relação à prova oficial (cobertura 81%)
quimica,2012,66,texto incompleto em relação à prova oficial (cobertura 80%)
quimica,2012,69,texto incompleto em relação à prova oficial (cobertura 38%)
biologia,2012,80,texto incompleto em relação à prova oficial (cobertura 45%)
quimica,2012,82,texto incompleto em relação à prova oficial (cobertura 50%)
CH-nao-classificada,2013,1,texto incompleto em relação à prova oficial (cobertura 85%)
CH-nao-classificada,2013,13,texto incompleto em relação à prova oficial (cobertura 78%)
CH-nao-classificada,2013,17,texto incompleto em relação à prova oficial (cobertura 79%)
CH-nao-classificada,2013,2,texto incompleto em relação à prova oficial (cobertura 49%)
CH-nao-classificada,2013,25,texto incompleto em relação à prova oficial (cobertura 80%)
CH-nao-classificada,2013,39,texto incompleto em relação à prova oficial (cobertura 87%)
quimica,2013,54,texto incompleto em relação à prova oficial (cobertura 30%)
quimica,2013,64,alternativas incompletas
quimica,2013,68,texto incompleto em relação à prova oficial (cobertura 26%)
CH-nao-classificada,2013,7,texto incompleto em relação à prova oficial (cobertura 73%)
quimica,2013,71,texto incompleto em relação à prova oficial (cobertura 20%)
biologia,2013,73,texto incompleto em relação à prova oficial (cobertura 38%)
biologia,2013,84,texto incompleto em relação à prova oficial (cobertura 63%)
quimica,2013,86,texto incompleto em relação à prova oficial (cobertura 17%)
quimica,2013,90,texto incompleto em relação à prova oficial (cobertura 30%)
CH-nao-classificada,2014,15,texto incompleto em relação à prova oficial (cobertura 63%)
CH-nao-classificada,2014,16,texto incompleto em relação à prova oficial (cobertura 88%)
CH-nao-classificada,2014,25,texto incompleto em relação à prova oficial (cobertura 41%)
CH-nao-classificada,2014,26,texto incompleto em relação à prova oficial (cobertura 61%)
CH-nao-classificada,2014,27,texto incompleto em relação à prova oficial (cobertura 53%)
CH-nao-classificada,2014,36,texto incompleto em relação à prova oficial (cobertura 43%)
CH-nao-classificada,2014,38,texto incompleto em relação à prova oficial (cobertura 90%)
quimica,2014,48,texto incompleto em relação à prova oficial (cobertura 56%)
quimica,2014,51,texto incompleto em relação à prova oficial (cobertura 40%)
quimica,2014,54,texto incompleto em relação à prova oficial (cobertura 72%)
quimica,2014,59,texto incompleto em relação à prova oficial (cobertura 6%)
quimica,2014,65,texto incompleto em relação à prova oficial (cobertura 30%)
quimica,2014,71,texto incompleto em relação à prova oficial (cobertura 84%)
quimica,2014,80,texto incompleto em relação à prova oficial (cobertura 41%)
biologia,2014,83,texto incompleto em relação à prova oficial (cobertura 17%)
CH-nao-classificada,2015,10,texto incompleto em relação à prova oficial (cobertura 61%)
CH-nao-classificada,2015,12,texto incompleto em relação à prova oficial (cobertura 85%)
CH-nao-classificada,2015,26,texto incompleto em relação à prova oficial (cobertura 81%)
CH-nao-classificada,2015,35,texto incompleto em relação à prova oficial (cobertura 57%)
CH-nao-classificada,2015,37,texto incompleto em relação à prova oficial (cobertura 79%)
quimica,2015,59,texto incompleto em relação à prova oficial (cobertura 41%)
quimica,2015,60,texto incompleto em relação à prova oficial (cobertura 42%)
biologia,2015,69,texto incompleto em relação à prova oficial (cobertura 53%)
quimica,2015,77,texto incompleto em relação à prova oficial (cobertura 42%)
quimica,2015,81,texto incompleto em relação à prova oficial (cobertura 17%)
quimica,2015,84,texto incompleto em relação à prova oficial (cobertura 27%)
quimica,2015,90,texto incompleto em relação à prova oficial (cobertura 70%)
CH-nao-classificada,2016,14,texto incompleto em relação à prova oficial (cobertura 57%)
CH-nao-classificada,2016,16,texto incompleto em relação à prova oficial (cobertura 45%)
CH-nao-classificada,2016,17,texto não conferível com a prova oficial e curto
CH-nao-classificada,2016,34,texto incompleto em relação à prova oficial (cobertura 54%)
CH-nao-classificada,2016,36,texto incompleto em relação à prova oficial (cobertura 44%)
CH-nao-classificada,2016,43,texto incompleto em relação à prova oficial (cobertura 49%)
CH-nao-classificada,2016,45,texto incompleto em relação à prova oficial (cobertura 73%)
quimica,2016,48,texto incompleto em relação à prova oficial (cobertura 35%)
quimica,2016,50,texto incompleto em relação à prova oficial (cobertura 3%)
quimica,2016,52,texto incompleto em relação à prova oficial (cobertura 77%)
quimica,2016,53,texto incompleto em relação à prova oficial (cobertura 73%)
biologia,2016,61,texto incompleto em relação à prova oficial (cobertura 51%)
biologia,2016,75,texto incompleto em relação à prova oficial (cobertura 81%)
quimica,2016,76,texto incompleto em relação à prova oficial (cobertura 8%)
quimica,2016,78,texto incompleto em relação à prova oficial (cobertura 17%)
quimica,2016,81,texto incompleto em relação à prova oficial (cobertura 41%)
quimica,2016,85,texto não conferível com a prova oficial e curto
quimica,2017,105,texto incompleto em relação à prova oficial (cobertura 71%)
quimica,2017,120,texto incompleto em relação à prova oficial (cobertura 55%)
quimica,2017,121,texto incompleto em relação à prova oficial (cobertura 8%)
quimica,2017,124,texto incompleto em relação à prova oficial (cobertura 75%)
biologia,2017,128,texto incompleto em relação à prova oficial (cobertura 39%)
CH-nao-classificada,2017,51,texto incompleto em relação à prova oficial (cobertura 87%)
CH-nao-classificada,2017,54,texto incompleto em relação à prova oficial (cobertura 73%)
CH-nao-classificada,2017,70,texto incompleto em relação à prova oficial (cobertura 67%)
CH-nao-classificada,2017,72,texto incompleto em relação à prova oficial (cobertura 56%)
biologia,2017,94,texto incompleto em relação à prova oficial (cobertura 53%)
quimica,2017,96,texto incompleto em relação à prova oficial (cobertura 50%)
quimica,2018,105,texto incompleto em relação à prova oficial (cobertura 53%)
biologia,2018,106,texto incompleto em relação à prova oficial (cobertura 75%)
biologia,2018,107,texto incompleto em relação à prova oficial (cobertura 83%)
quimica,2018,124,texto incompleto em relação à prova oficial (cobertura 35%)
quimica,2018,126,texto incompleto em relação à prova oficial (cobertura 2%)
CH-nao-classificada,2018,56,texto incompleto em relação à prova oficial (cobertura 62%)
CH-nao-classificada,2018,81,texto incompleto em relação à prova oficial (cobertura 53%)
CH-nao-classificada,2018,82,texto incompleto em relação à prova oficial (cobertura 88%)
CH-nao-classificada,2018,83,texto incompleto em relação à prova oficial (cobertura 69%)
CH-nao-classificada,2018,87,texto incompleto em relação à prova oficial (cobertura 35%)
CH-nao-classificada,2018,90,texto incompleto em relação à prova oficial (cobertura 50%)
quimica,2018,92,texto incompleto em relação à prova oficial (cobertura 58%)
quimica,2019,112,texto incompleto em relação à prova oficial (cobertura 82%)
quimica,2019,118,texto incompleto em relação à prova oficial (cobertura 36%)
biologia,2019,123,texto incompleto em relação à prova oficial (cobertura 61%)
biologia,2019,125,texto incompleto em relação à prova oficial (cobertura 13%)
CH-nao-classificada,2019,57,texto incompleto em relação à prova oficial (cobertura 85%)
CH-nao-classificada,2019,58,texto incompleto em relação à prova oficial (cobertura 51%)
biologia,2019,93,texto incompleto em relação à prova oficial (cobertura 38%)
quimica,2020,100,texto incompleto em relação à prova oficial (cobertura 82%)
biologia,2020,101,texto incompleto em relação à prova oficial (cobertura 28%)
biologia,2020,104,texto incompleto em relação à prova oficial (cobertura 52%)
quimica,2020,119,texto incompleto em relação à prova oficial (cobertura 77%)
biologia,2020,129,texto incompleto em relação à prova oficial (cobertura 25%)
quimica,2020,131,texto incompleto em relação à prova oficial (cobertura 59%)
biologia,2020,135,anulada pelo Inep
CH-nao-classificada,2020,64,texto incompleto em relação à prova oficial (cobertura 54%)
CH-nao-classificada,2020,66,texto incompleto em relação à prova oficial (cobertura 71%)
quimica,2020,92,texto incompleto em relação à prova oficial (cobertura 22%)
quimica,2021,101,texto incompleto em relação à prova oficial (cobertura 70%)
quimica,2021,106,texto incompleto em relação à prova oficial (cobertura 80%)
biologia,2021,118,texto incompleto em relação à prova oficial (cobertura 52%)
quimica,2021,122,texto incompleto em relação à prova oficial (cobertura 77%)
biologia,2021,123,texto incompleto em relação à prova oficial (cobertura 2%)
CH-nao-classificada,2021,53,gabarito do dataset diverge do oficial
CH-nao-classificada,2021,89,texto não conferível com a prova oficial e curto
CH-nao-classificada,2021,90,texto incompleto em relação à prova oficial (cobertura 60%)
quimica,2022,106,texto incompleto em relação à prova oficial (cobertura 48%)
quimica,2022,108,texto incompleto em relação à prova oficial (cobertura 80%)
biologia,2022,118,texto incompleto em relação à prova oficial (cobertura 43%)
biologia,2022,121,texto incompleto em relação à prova oficial (cobertura 89%)
quimica,2022,129,texto incompleto em relação à prova oficial (cobertura 67%)
biologia,2022,132,texto incompleto em relação à prova oficial (cobertura 71%)
CH-nao-classificada,2022,48,texto incompleto em relação à prova oficial (cobertura 87%)
CH-nao-classificada,2022,67,texto incompleto em relação à prova oficial (cobertura 88%)
CH-nao-classificada,2022,68,texto incompleto em relação à prova oficial (cobertura 89%)
CH-nao-classificada,2022,78,texto incompleto em relação à prova oficial (cobertura 89%)
CH-nao-classificada,2022,82,texto incompleto em relação à prova oficial (cobertura 58%)
quimica,2022,94,texto incompleto em relação à prova oficial (cobertura 68%)
quimica,2023,110,texto incompleto em relação à prova oficial (cobertura 11%)
quimica,2023,129,figura ausente
quimica,2023,131,texto incompleto em relação à prova oficial (cobertura 61%)
CH-nao-classificada,2023,54,texto incompleto em relação à prova oficial (cobertura 49%)
CH-nao-classificada,2023,56,figura ausente
CH-nao-classificada,2023,57,texto incompleto em relação à prova oficial (cobertura 76%)
CH-nao-classificada,2023,65,figura ausente
CH-nao-classificada,2023,88,texto incompleto em relação à prova oficial (cobertura 58%)
CH-nao-classificada,2023,89,texto incompleto em relação à prova oficial (cobertura 85%)
CH-nao-classificada,2023,90,texto incompleto em relação à prova oficial (cobertura 70%)
